model,series,x,bf
Meta-Llama-3-8B,self_conditioned_baseline,0,18.45047434918666
Meta-Llama-3-8B,self_conditioned_baseline,1,15.153785020164854
Meta-Llama-3-8B,self_conditioned_baseline,2,14.98280739811225
Meta-Llama-3-8B,self_conditioned_baseline,3,14.977650581309463
Meta-Llama-3-8B,self_conditioned_baseline,4,14.839482358869386
Meta-Llama-3-8B,self_conditioned_baseline,5,14.695194522012027
Meta-Llama-3-8B,self_conditioned_baseline,6,14.518588905174857
Meta-Llama-3-8B,self_conditioned_baseline,7,14.42548459512459
Meta-Llama-3-8B,self_conditioned_baseline,8,14.304150390973195
Meta-Llama-3-8B,self_conditioned_baseline,9,14.16199696304413
Meta-Llama-3-8B,self_conditioned_baseline,10,14.037539090834317
Meta-Llama-3-8B,self_conditioned_baseline,11,13.896302842338667
Meta-Llama-3-8B,self_conditioned_baseline,12,13.762911188749925
Meta-Llama-3-8B,self_conditioned_baseline,13,13.614635942051704
Meta-Llama-3-8B,self_conditioned_baseline,14,13.494506291555323
Meta-Llama-3-8B,self_conditioned_baseline,15,13.366033400320061
Meta-Llama-3-8B,self_conditioned_baseline,16,13.233238084508109
Meta-Llama-3-8B,self_conditioned_baseline,17,13.116162015897187
Meta-Llama-3-8B,self_conditioned_baseline,18,13.020254470829618
Meta-Llama-3-8B,self_conditioned_baseline,19,12.907958427832098
Meta-Llama-3-8B,self_conditioned_baseline,20,12.79924472188197
Meta-Llama-3-8B,self_conditioned_baseline,21,12.714334158126894
Meta-Llama-3-8B,self_conditioned_baseline,22,12.61745948876072
Meta-Llama-3-8B,self_conditioned_baseline,23,12.536430828572458
Meta-Llama-3-8B,self_conditioned_baseline,24,12.445312848389506
Meta-Llama-3-8B,self_conditioned_baseline,25,12.36230792105362
Meta-Llama-3-8B,self_conditioned_baseline,26,12.268606715830911
Meta-Llama-3-8B,self_conditioned_baseline,27,12.178054559350864
Meta-Llama-3-8B,self_conditioned_baseline,28,12.07811402461301
Meta-Llama-3-8B,self_conditioned_baseline,29,11.98476150779372
Meta-Llama-3-8B,self_conditioned_baseline,30,11.90031969850718
Meta-Llama-3-8B,self_conditioned_baseline,31,11.820655758185358
Meta-Llama-3-8B,self_conditioned_baseline,32,11.749439842284689
Meta-Llama-3-8B,self_conditioned_baseline,33,11.662916570418083
Meta-Llama-3-8B,self_conditioned_baseline,34,11.580612866190368
Meta-Llama-3-8B,self_conditioned_baseline,35,11.497674948062064
Meta-Llama-3-8B,self_conditioned_baseline,36,11.41615955389607
Meta-Llama-3-8B,self_conditioned_baseline,37,11.330525537561677
Meta-Llama-3-8B,self_conditioned_baseline,38,11.252061245299167
Meta-Llama-3-8B,self_conditioned_baseline,39,11.182216290203948
Meta-Llama-3-8B,self_conditioned_baseline,40,11.112779330308733
Meta-Llama-3-8B,self_conditioned_baseline,41,11.04820776241907
Meta-Llama-3-8B,self_conditioned_baseline,42,10.98437950953499
Meta-Llama-3-8B,self_conditioned_baseline,43,10.919123548483297
Meta-Llama-3-8B,self_conditioned_baseline,44,10.85984304312574
Meta-Llama-3-8B,self_conditioned_baseline,45,10.800252911013661
Meta-Llama-3-8B,self_conditioned_baseline,46,10.73261231561688
Meta-Llama-3-8B,self_conditioned_baseline,47,10.65687598795571
Meta-Llama-3-8B,self_conditioned_baseline,48,10.599005558007011
Meta-Llama-3-8B,self_conditioned_baseline,49,10.538626653731827
Meta-Llama-3-8B,self_conditioned_baseline,50,10.47310617187089
Meta-Llama-3-8B,self_conditioned_baseline,51,10.409160851065566
Meta-Llama-3-8B,self_conditioned_baseline,52,10.346405004228323
Meta-Llama-3-8B,self_conditioned_baseline,53,10.286841214470712
Meta-Llama-3-8B,self_conditioned_baseline,54,10.217367641610032
Meta-Llama-3-8B,self_conditioned_baseline,55,10.16362925847396
Meta-Llama-3-8B,self_conditioned_baseline,56,10.106753029002103
Meta-Llama-3-8B,self_conditioned_baseline,57,10.050674771174153
Meta-Llama-3-8B,self_conditioned_baseline,58,9.995540834867363
Meta-Llama-3-8B,self_conditioned_baseline,59,9.938527940207017
Meta-Llama-3-8B,self_conditioned_baseline,60,9.882605027762969
Meta-Llama-3-8B,self_conditioned_baseline,61,9.83328598910798
Meta-Llama-3-8B,self_conditioned_baseline,62,9.784527443588564
Meta-Llama-3-8B,self_conditioned_baseline,63,9.735553044157706
Meta-Llama-3-8B,self_conditioned_baseline,64,9.683962286250726
Meta-Llama-3-8B,self_conditioned_baseline,65,9.637978861480066
Meta-Llama-3-8B,self_conditioned_baseline,66,9.589588223443057
Meta-Llama-3-8B,self_conditioned_baseline,67,9.539576056015438
Meta-Llama-3-8B,self_conditioned_baseline,68,9.48768572516722
Meta-Llama-3-8B,self_conditioned_baseline,69,9.441615493143216
Meta-Llama-3-8B,self_conditioned_baseline,70,9.396260240102563
Meta-Llama-3-8B,self_conditioned_baseline,71,9.349567384684013
Meta-Llama-3-8B,self_conditioned_baseline,72,9.302676560275762
Meta-Llama-3-8B,self_conditioned_baseline,73,9.255537452055314
Meta-Llama-3-8B,self_conditioned_baseline,74,9.21464802578329
Meta-Llama-3-8B,self_conditioned_baseline,75,9.169944208745866
Meta-Llama-3-8B,self_conditioned_baseline,76,9.126113538123874
Meta-Llama-3-8B,self_conditioned_baseline,77,9.083246863699049
Meta-Llama-3-8B,self_conditioned_baseline,78,9.042720324519209
Meta-Llama-3-8B,self_conditioned_baseline,79,9.002166552492378
Meta-Llama-3-8B,self_conditioned_baseline,80,8.959750060162271
Meta-Llama-3-8B,self_conditioned_baseline,81,8.917527341851844
Meta-Llama-3-8B,self_conditioned_baseline,82,8.881061232606545
Meta-Llama-3-8B,self_conditioned_baseline,83,8.841777689916334
Meta-Llama-3-8B,self_conditioned_baseline,84,8.80169201205033
Meta-Llama-3-8B,self_conditioned_baseline,85,8.759936124213237
Meta-Llama-3-8B,self_conditioned_baseline,86,8.720515003123005
Meta-Llama-3-8B,self_conditioned_baseline,87,8.683531047196695
Meta-Llama-3-8B,self_conditioned_baseline,88,8.644671073288631
Meta-Llama-3-8B,self_conditioned_baseline,89,8.609124845768154
Meta-Llama-3-8B,self_conditioned_baseline,90,8.575300574312193
Meta-Llama-3-8B,self_conditioned_baseline,91,8.540598824454674
Meta-Llama-3-8B,self_conditioned_baseline,92,8.504633861579016
Meta-Llama-3-8B,self_conditioned_baseline,93,8.471247717946593
Meta-Llama-3-8B,self_conditioned_baseline,94,8.436296327988163
Meta-Llama-3-8B,self_conditioned_baseline,95,8.402626325431036
Meta-Llama-3-8B,self_conditioned_baseline,96,8.369125932663373
Meta-Llama-3-8B,self_conditioned_baseline,97,8.336351382623192
Meta-Llama-3-8B,self_conditioned_baseline,98,8.30318471027655
Meta-Llama-3-8B,self_conditioned_baseline,99,8.26862730708521
Meta-Llama-3-8B,self_conditioned_baseline,100,8.234004643171478
Meta-Llama-3-8B,self_conditioned_baseline,101,8.202083688468182
Meta-Llama-3-8B,self_conditioned_baseline,102,8.171941947098217
Meta-Llama-3-8B,self_conditioned_baseline,103,8.135873461208817
Meta-Llama-3-8B,self_conditioned_baseline,104,8.106420901118893
Meta-Llama-3-8B,self_conditioned_baseline,105,8.077578985705475
Meta-Llama-3-8B,self_conditioned_baseline,106,8.045646939692658
Meta-Llama-3-8B,self_conditioned_baseline,107,8.017139340100277
Meta-Llama-3-8B,self_conditioned_baseline,108,7.987190281896817
Meta-Llama-3-8B,self_conditioned_baseline,109,7.956081343392609
Meta-Llama-3-8B,self_conditioned_baseline,110,7.9256738993498415
Meta-Llama-3-8B,self_conditioned_baseline,111,7.896039103931842
Meta-Llama-3-8B,self_conditioned_baseline,112,7.865098406162088
Meta-Llama-3-8B,self_conditioned_baseline,113,7.837010930136972
Meta-Llama-3-8B,self_conditioned_baseline,114,7.810499785953846
Meta-Llama-3-8B,self_conditioned_baseline,115,7.782348581589004
Meta-Llama-3-8B,self_conditioned_baseline,116,7.756584288673659
Meta-Llama-3-8B,self_conditioned_baseline,117,7.7268579804064315
Meta-Llama-3-8B,self_conditioned_baseline,118,7.698776707464493
Meta-Llama-3-8B,self_conditioned_baseline,119,7.670614694670902
Meta-Llama-3-8B,self_conditioned_baseline,120,7.642465219872151
Meta-Llama-3-8B,self_conditioned_baseline,121,7.614237936552728
Meta-Llama-3-8B,self_conditioned_baseline,122,7.5884994781097275
Meta-Llama-3-8B,self_conditioned_baseline,123,7.562456729610329
Meta-Llama-3-8B,self_conditioned_baseline,124,7.535539880382009
Meta-Llama-3-8B,self_conditioned_baseline,125,7.507923744563065
Meta-Llama-3-8B,self_conditioned_baseline,126,7.482899587938877
Meta-Llama-3-8B,self_conditioned_baseline,127,7.457410712077708
Meta-Llama-3-8B,self_conditioned_baseline,128,7.431160428716396
Meta-Llama-3-8B,self_conditioned_baseline,129,7.405513526801659
Meta-Llama-3-8B,self_conditioned_baseline,130,7.379361368455527
Meta-Llama-3-8B,self_conditioned_baseline,131,7.352383567925708
Meta-Llama-3-8B,self_conditioned_baseline,132,7.327698608152233
Meta-Llama-3-8B,self_conditioned_baseline,133,7.302066962995599
Meta-Llama-3-8B,self_conditioned_baseline,134,7.278523367725194
Meta-Llama-3-8B,self_conditioned_baseline,135,7.2534463554672906
Meta-Llama-3-8B,self_conditioned_baseline,136,7.228610805835571
Meta-Llama-3-8B,self_conditioned_baseline,137,7.205881290368711
Meta-Llama-3-8B,self_conditioned_baseline,138,7.182340120517989
Meta-Llama-3-8B,self_conditioned_baseline,139,7.158610879262372
Meta-Llama-3-8B,self_conditioned_baseline,140,7.133656585361142
Meta-Llama-3-8B,self_conditioned_baseline,141,7.109988825797006
Meta-Llama-3-8B,self_conditioned_baseline,142,7.085477080747097
Meta-Llama-3-8B,self_conditioned_baseline,143,7.062704373344444
Meta-Llama-3-8B,self_conditioned_baseline,144,7.0392714780483825
Meta-Llama-3-8B,self_conditioned_baseline,145,7.016049222118283
Meta-Llama-3-8B,self_conditioned_baseline,146,6.992894388106536
Meta-Llama-3-8B,self_conditioned_baseline,147,6.969847339487834
Meta-Llama-3-8B,self_conditioned_baseline,148,6.946847395023959
Meta-Llama-3-8B,self_conditioned_baseline,149,6.923895459333781
Meta-Llama-3-8B,self_conditioned_baseline,150,6.900770342853673
Meta-Llama-3-8B,self_conditioned_baseline,151,6.87926702205792
Meta-Llama-3-8B,self_conditioned_baseline,152,6.857445915365944
Meta-Llama-3-8B,self_conditioned_baseline,153,6.836499122214872
Meta-Llama-3-8B,self_conditioned_baseline,154,6.814500105848034
Meta-Llama-3-8B,self_conditioned_baseline,155,6.793025956434963
Meta-Llama-3-8B,self_conditioned_baseline,156,6.771477761596569
Meta-Llama-3-8B,self_conditioned_baseline,157,6.750233317322278
Meta-Llama-3-8B,self_conditioned_baseline,158,6.7307326072332
Meta-Llama-3-8B,self_conditioned_baseline,159,6.711113035702658
Meta-Llama-3-8B,self_conditioned_baseline,160,6.69065133329337
Meta-Llama-3-8B,self_conditioned_baseline,161,6.669564338476371
Meta-Llama-3-8B,self_conditioned_baseline,162,6.651442301936957
Meta-Llama-3-8B,self_conditioned_baseline,163,6.632277142164815
Meta-Llama-3-8B,self_conditioned_baseline,164,6.613473068201432
Meta-Llama-3-8B,self_conditioned_baseline,165,6.594038049417507
Meta-Llama-3-8B,self_conditioned_baseline,166,6.5739608810612005
Meta-Llama-3-8B,self_conditioned_baseline,167,6.553012749804529
Meta-Llama-3-8B,self_conditioned_baseline,168,6.532189578137035
Meta-Llama-3-8B,self_conditioned_baseline,169,6.513121006840977
Meta-Llama-3-8B,self_conditioned_baseline,170,6.494112323516093
Meta-Llama-3-8B,self_conditioned_baseline,171,6.474024582832916
Meta-Llama-3-8B,self_conditioned_baseline,172,6.453981275322155
Meta-Llama-3-8B,self_conditioned_baseline,173,6.436255194352299
Meta-Llama-3-8B,self_conditioned_baseline,174,6.418845090977494
Meta-Llama-3-8B,self_conditioned_baseline,175,6.399770662520236
Meta-Llama-3-8B,self_conditioned_baseline,176,6.382254937221557
Meta-Llama-3-8B,self_conditioned_baseline,177,6.363708480350791
Meta-Llama-3-8B,self_conditioned_baseline,178,6.345585645724587
Meta-Llama-3-8B,self_conditioned_baseline,179,6.328780178803186
Meta-Llama-3-8B,self_conditioned_baseline,180,6.311670575172269
Meta-Llama-3-8B,self_conditioned_baseline,181,6.294031606369994
Meta-Llama-3-8B,self_conditioned_baseline,182,6.276843885915789
Meta-Llama-3-8B,self_conditioned_baseline,183,6.259682213600053
Meta-Llama-3-8B,self_conditioned_baseline,184,6.242545504390043
Meta-Llama-3-8B,self_conditioned_baseline,185,6.226271931559567
Meta-Llama-3-8B,self_conditioned_baseline,186,6.210312468613345
Meta-Llama-3-8B,self_conditioned_baseline,187,6.194097353556632
Meta-Llama-3-8B,self_conditioned_baseline,188,6.177090371921281
Meta-Llama-3-8B,self_conditioned_baseline,189,6.161017150610286
Meta-Llama-3-8B,self_conditioned_baseline,190,6.143853296687497
Meta-Llama-3-8B,self_conditioned_baseline,191,6.127103671734959
Meta-Llama-3-8B,self_conditioned_baseline,192,6.110650405168928
Meta-Llama-3-8B,self_conditioned_baseline,193,6.094770067023518
Meta-Llama-3-8B,self_conditioned_baseline,194,6.078098078578684
Meta-Llama-3-8B,self_conditioned_baseline,195,6.062390858881263
Meta-Llama-3-8B,self_conditioned_baseline,196,6.04621915033202
Meta-Llama-3-8B,self_conditioned_baseline,197,6.030856826685742
Meta-Llama-3-8B,self_conditioned_baseline,198,6.015999349594449
Meta-Llama-3-8B,self_conditioned_baseline,199,6.000041219181948
Meta-Llama-3-8B,self_conditioned_baseline,200,5.984517603283434
Meta-Llama-3-8B,self_conditioned_baseline,201,5.968240996842497
Meta-Llama-3-8B,self_conditioned_baseline,202,5.953291766938199
Meta-Llama-3-8B,self_conditioned_baseline,203,5.937656911185389
Meta-Llama-3-8B,self_conditioned_baseline,204,5.922915896652995
Meta-Llama-3-8B,self_conditioned_baseline,205,5.909211927959039
Meta-Llama-3-8B,self_conditioned_baseline,206,5.894913172037136
Meta-Llama-3-8B,self_conditioned_baseline,207,5.881022696855158
Meta-Llama-3-8B,self_conditioned_baseline,208,5.866728168539976
Meta-Llama-3-8B,self_conditioned_baseline,209,5.851783611272281
Meta-Llama-3-8B,self_conditioned_baseline,210,5.8374366829572155
Meta-Llama-3-8B,self_conditioned_baseline,211,5.823456734545935
Meta-Llama-3-8B,self_conditioned_baseline,212,5.808451982091315
Meta-Llama-3-8B,self_conditioned_baseline,213,5.793242417124641
Meta-Llama-3-8B,self_conditioned_baseline,214,5.779152030532958
Meta-Llama-3-8B,self_conditioned_baseline,215,5.764701672543123
Meta-Llama-3-8B,self_conditioned_baseline,216,5.750192864879445
Meta-Llama-3-8B,self_conditioned_baseline,217,5.736444127658143
Meta-Llama-3-8B,self_conditioned_baseline,218,5.722307783021688
Meta-Llama-3-8B,self_conditioned_baseline,219,5.708481542480663
Meta-Llama-3-8B,self_conditioned_baseline,220,5.694748448731474
Meta-Llama-3-8B,self_conditioned_baseline,221,5.681243840514013
Meta-Llama-3-8B,self_conditioned_baseline,222,5.667316753562419
Meta-Llama-3-8B,self_conditioned_baseline,223,5.653306061112857
Meta-Llama-3-8B,self_conditioned_baseline,224,5.639311420272653
Meta-Llama-3-8B,self_conditioned_baseline,225,5.626440684926812
Meta-Llama-3-8B,self_conditioned_baseline,226,5.612781739354358
Meta-Llama-3-8B,self_conditioned_baseline,227,5.599443291071017
Meta-Llama-3-8B,self_conditioned_baseline,228,5.586536664912257
Meta-Llama-3-8B,self_conditioned_baseline,229,5.574001054394215
Meta-Llama-3-8B,self_conditioned_baseline,230,5.560455373945474
Meta-Llama-3-8B,self_conditioned_baseline,231,5.547821659817105
Meta-Llama-3-8B,self_conditioned_baseline,232,5.534886488160172
Meta-Llama-3-8B,self_conditioned_baseline,233,5.522732830128072
Meta-Llama-3-8B,self_conditioned_baseline,234,5.509869332331871
Meta-Llama-3-8B,self_conditioned_baseline,235,5.497803390808958
Meta-Llama-3-8B,self_conditioned_baseline,236,5.484498961292383
Meta-Llama-3-8B,self_conditioned_baseline,237,5.472230352738936
Meta-Llama-3-8B,self_conditioned_baseline,238,5.459912857333509
Meta-Llama-3-8B,self_conditioned_baseline,239,5.447841943070586
Meta-Llama-3-8B,self_conditioned_baseline,240,5.43508481116533
Meta-Llama-3-8B,self_conditioned_baseline,241,5.422749090407573
Meta-Llama-3-8B,self_conditioned_baseline,242,5.4100956002151666
Meta-Llama-3-8B,self_conditioned_baseline,243,5.398789705133168
Meta-Llama-3-8B,self_conditioned_baseline,244,5.386530226473204
Meta-Llama-3-8B,self_conditioned_baseline,245,5.3747222493313265
Meta-Llama-3-8B,self_conditioned_baseline,246,5.362002013014519
Meta-Llama-3-8B,self_conditioned_baseline,247,5.350682222734057
Meta-Llama-3-8B,self_conditioned_baseline,248,5.338865002054805
Meta-Llama-3-8B,self_conditioned_baseline,249,5.326881782802621
Meta-Llama-3-8B,self_conditioned_baseline,250,5.315541608945766
Meta-Llama-3-8B,self_conditioned_baseline,251,5.304058891217831
Meta-Llama-3-8B,self_conditioned_baseline,252,5.292257803485233
Meta-Llama-3-8B,self_conditioned_baseline,253,5.280632299761518
Meta-Llama-3-8B,self_conditioned_baseline,254,5.269365716444195
Meta-Llama-3-8B,self_conditioned_baseline,255,5.257949991393532
Meta-Llama-3-8B,self_conditioned_baseline,256,5.246478802634987
Meta-Llama-3-8B,self_conditioned_baseline,257,5.236381451721105
Meta-Llama-3-8B,self_conditioned_baseline,258,5.225549941809216
Meta-Llama-3-8B,self_conditioned_baseline,259,5.214721292180594
Meta-Llama-3-8B,self_conditioned_baseline,260,5.2038975771959075
Meta-Llama-3-8B,self_conditioned_baseline,261,5.193269842712287
Meta-Llama-3-8B,self_conditioned_baseline,262,5.18264779353066
Meta-Llama-3-8B,self_conditioned_baseline,263,5.17240595252445
Meta-Llama-3-8B,self_conditioned_baseline,264,5.161699960080781
Meta-Llama-3-8B,self_conditioned_baseline,265,5.151184521326242
Meta-Llama-3-8B,self_conditioned_baseline,266,5.140128272214858
Meta-Llama-3-8B,self_conditioned_baseline,267,5.129834232855622
Meta-Llama-3-8B,self_conditioned_baseline,268,5.119135153208815
Meta-Llama-3-8B,self_conditioned_baseline,269,5.108842821380475
Meta-Llama-3-8B,self_conditioned_baseline,270,5.098412361050241
Meta-Llama-3-8B,self_conditioned_baseline,271,5.087911734447917
Meta-Llama-3-8B,self_conditioned_baseline,272,5.07726669285437
Meta-Llama-3-8B,self_conditioned_baseline,273,5.066947852838214
Meta-Llama-3-8B,self_conditioned_baseline,274,5.05631199368224
Meta-Llama-3-8B,self_conditioned_baseline,275,5.046520982111684
Meta-Llama-3-8B,self_conditioned_baseline,276,5.036624827142277
Meta-Llama-3-8B,self_conditioned_baseline,277,5.026729711855856
Meta-Llama-3-8B,self_conditioned_baseline,278,5.016858795149236
Meta-Llama-3-8B,self_conditioned_baseline,279,5.006665990282578
Meta-Llama-3-8B,self_conditioned_baseline,280,4.9969976250250285
Meta-Llama-3-8B,self_conditioned_baseline,281,4.987416722449148
Meta-Llama-3-8B,self_conditioned_baseline,282,4.977989436465995
Meta-Llama-3-8B,self_conditioned_baseline,283,4.968228559973752
Meta-Llama-3-8B,self_conditioned_baseline,284,4.958397847901702
Meta-Llama-3-8B,self_conditioned_baseline,285,4.948590749803568
Meta-Llama-3-8B,self_conditioned_baseline,286,4.939209046373294
Meta-Llama-3-8B,self_conditioned_baseline,287,4.929690971385527
Meta-Llama-3-8B,self_conditioned_baseline,288,4.920740614894746
Meta-Llama-3-8B,self_conditioned_baseline,289,4.911506906886495
Meta-Llama-3-8B,self_conditioned_baseline,290,4.902075962214881
Meta-Llama-3-8B,self_conditioned_baseline,291,4.8931222123943705
Meta-Llama-3-8B,self_conditioned_baseline,292,4.884084299883633
Meta-Llama-3-8B,self_conditioned_baseline,293,4.874916025147955
Meta-Llama-3-8B,self_conditioned_baseline,294,4.8659440641836404
Meta-Llama-3-8B,self_conditioned_baseline,295,4.857565179134585
Meta-Llama-3-8B,self_conditioned_baseline,296,4.848332387392596
Meta-Llama-3-8B,self_conditioned_baseline,297,4.839454304068396
Meta-Llama-3-8B,self_conditioned_baseline,298,4.830408468347803
Meta-Llama-3-8B,self_conditioned_baseline,299,4.821655068418881
Meta-Llama-3-8B,self_conditioned_baseline,300,4.812370853242871
Meta-Llama-3-8B,self_conditioned_baseline,301,4.804009921828522
Meta-Llama-3-8B,self_conditioned_baseline,302,4.795385795991699
Meta-Llama-3-8B,self_conditioned_baseline,303,4.78726581564795
Meta-Llama-3-8B,self_conditioned_baseline,304,4.77821890687766
Meta-Llama-3-8B,self_conditioned_baseline,305,4.769721935577267
Meta-Llama-3-8B,self_conditioned_baseline,306,4.761355392231918
Meta-Llama-3-8B,self_conditioned_baseline,307,4.752270535080786
Meta-Llama-3-8B,self_conditioned_baseline,308,4.743631210330867
Meta-Llama-3-8B,self_conditioned_baseline,309,4.7349668263790905
Meta-Llama-3-8B,self_conditioned_baseline,310,4.726386783103279
Meta-Llama-3-8B,self_conditioned_baseline,311,4.717559743327942
Meta-Llama-3-8B,self_conditioned_baseline,312,4.708867170861606
Meta-Llama-3-8B,self_conditioned_baseline,313,4.700762918840609
Meta-Llama-3-8B,self_conditioned_baseline,314,4.6922776790433005
Meta-Llama-3-8B,self_conditioned_baseline,315,4.684059195170904
Meta-Llama-3-8B,self_conditioned_baseline,316,4.675858170387
Meta-Llama-3-8B,self_conditioned_baseline,317,4.66762481001755
Meta-Llama-3-8B,self_conditioned_baseline,318,4.65938184018946
Meta-Llama-3-8B,self_conditioned_baseline,319,4.651203931185438
Meta-Llama-3-8B,self_conditioned_baseline,320,4.642998717477292
Meta-Llama-3-8B,self_conditioned_baseline,321,4.63488263352104
Meta-Llama-3-8B,self_conditioned_baseline,322,4.626572835215
Meta-Llama-3-8B,self_conditioned_baseline,323,4.618813153245141
Meta-Llama-3-8B,self_conditioned_baseline,324,4.61075090395091
Meta-Llama-3-8B,self_conditioned_baseline,325,4.602568248983909
Meta-Llama-3-8B,self_conditioned_baseline,326,4.594123343488244
Meta-Llama-3-8B,self_conditioned_baseline,327,4.586108908968278
Meta-Llama-3-8B,self_conditioned_baseline,328,4.5778672591457585
Meta-Llama-3-8B,self_conditioned_baseline,329,4.570346339808093
Meta-Llama-3-8B,self_conditioned_baseline,330,4.56264178375899
Meta-Llama-3-8B,self_conditioned_baseline,331,4.555214907772876
Meta-Llama-3-8B,self_conditioned_baseline,332,4.547818848199446
Meta-Llama-3-8B,self_conditioned_baseline,333,4.539865892483045
Meta-Llama-3-8B,self_conditioned_baseline,334,4.532123644045841
Meta-Llama-3-8B,self_conditioned_baseline,335,4.524596430139765
Meta-Llama-3-8B,self_conditioned_baseline,336,4.516784585334952
Meta-Llama-3-8B,self_conditioned_baseline,337,4.509413037541093
Meta-Llama-3-8B,self_conditioned_baseline,338,4.501673484015802
Meta-Llama-3-8B,self_conditioned_baseline,339,4.494254820833018
Meta-Llama-3-8B,self_conditioned_baseline,340,4.4868287764844235
Meta-Llama-3-8B,self_conditioned_baseline,341,4.478945732732481
Meta-Llama-3-8B,self_conditioned_baseline,342,4.471365359153275
Meta-Llama-3-8B,self_conditioned_baseline,343,4.463762749058498
Meta-Llama-3-8B,self_conditioned_baseline,344,4.456387766436485
Meta-Llama-3-8B,self_conditioned_baseline,345,4.448907759462043
Meta-Llama-3-8B,self_conditioned_baseline,346,4.441637317311468
Meta-Llama-3-8B,self_conditioned_baseline,347,4.433987149148699
Meta-Llama-3-8B,self_conditioned_baseline,348,4.426881690688854
Meta-Llama-3-8B,self_conditioned_baseline,349,4.41945423430497
Meta-Llama-3-8B,self_conditioned_baseline,350,4.411746282449798
Meta-Llama-3-8B,self_conditioned_baseline,351,4.4044562711933235
Meta-Llama-3-8B,self_conditioned_baseline,352,4.39765284248714
Meta-Llama-3-8B,self_conditioned_baseline,353,4.390813412453984
Meta-Llama-3-8B,self_conditioned_baseline,354,4.383666111819158
Meta-Llama-3-8B,self_conditioned_baseline,355,4.376937384010086
Meta-Llama-3-8B,self_conditioned_baseline,356,4.369931141082957
Meta-Llama-3-8B,self_conditioned_baseline,357,4.3630581800911115
Meta-Llama-3-8B,self_conditioned_baseline,358,4.355816577380653
Meta-Llama-3-8B,self_conditioned_baseline,359,4.349172171488844
Meta-Llama-3-8B,self_conditioned_baseline,360,4.342264868052061
Meta-Llama-3-8B,self_conditioned_baseline,361,4.336043735858245
Meta-Llama-3-8B,self_conditioned_baseline,362,4.329429875546096
Meta-Llama-3-8B,self_conditioned_baseline,363,4.3230798815679705
Meta-Llama-3-8B,self_conditioned_baseline,364,4.316466367425588
Meta-Llama-3-8B,self_conditioned_baseline,365,4.309979988002045
Meta-Llama-3-8B,self_conditioned_baseline,366,4.3032966752874975
Meta-Llama-3-8B,self_conditioned_baseline,367,4.296816971055748
Meta-Llama-3-8B,self_conditioned_baseline,368,4.290169224925297
Meta-Llama-3-8B,self_conditioned_baseline,369,4.283949535940962
Meta-Llama-3-8B,self_conditioned_baseline,370,4.277069159755383
Meta-Llama-3-8B,self_conditioned_baseline,371,4.2701665299454525
Meta-Llama-3-8B,self_conditioned_baseline,372,4.264143113156648
Meta-Llama-3-8B,self_conditioned_baseline,373,4.257796612332109
Meta-Llama-3-8B,self_conditioned_baseline,374,4.251640651069395
Meta-Llama-3-8B,self_conditioned_baseline,375,4.24520922443225
Meta-Llama-3-8B,self_conditioned_baseline,376,4.239035083767106
Meta-Llama-3-8B,self_conditioned_baseline,377,4.232884589237312
Meta-Llama-3-8B,self_conditioned_baseline,378,4.226668943322599
Meta-Llama-3-8B,self_conditioned_baseline,379,4.220210568530664
Meta-Llama-3-8B,self_conditioned_baseline,380,4.214177496441789
Meta-Llama-3-8B,self_conditioned_baseline,381,4.208090393590705
Meta-Llama-3-8B,self_conditioned_baseline,382,4.201675823983954
Meta-Llama-3-8B,self_conditioned_baseline,383,4.195571815292897
Meta-Llama-3-8B,self_conditioned_baseline,384,4.18946297021141
Meta-Llama-3-8B,self_conditioned_baseline,385,4.183244862086179
Meta-Llama-3-8B,self_conditioned_baseline,386,4.177448125300273
Meta-Llama-3-8B,self_conditioned_baseline,387,4.171364910068611
Meta-Llama-3-8B,self_conditioned_baseline,388,4.165186679935024
Meta-Llama-3-8B,self_conditioned_baseline,389,4.1588086257720525
Meta-Llama-3-8B,self_conditioned_baseline,390,4.15258330519543
Meta-Llama-3-8B,self_conditioned_baseline,391,4.1466685665561975
Meta-Llama-3-8B,self_conditioned_baseline,392,4.140246903891421
Meta-Llama-3-8B,self_conditioned_baseline,393,4.134059658634308
Meta-Llama-3-8B,self_conditioned_baseline,394,4.127845512139984
Meta-Llama-3-8B,self_conditioned_baseline,395,4.121723397535274
Meta-Llama-3-8B,self_conditioned_baseline,396,4.115703960882232
Meta-Llama-3-8B,self_conditioned_baseline,397,4.110023942668441
Meta-Llama-3-8B,self_conditioned_baseline,398,4.103991014469954
Meta-Llama-3-8B,self_conditioned_baseline,399,4.097870437457096
Meta-Llama-3-8B,self_conditioned_baseline,400,4.09206911694474
Meta-Llama-3-8B,self_conditioned_baseline,401,4.086302440025158
Meta-Llama-3-8B,self_conditioned_baseline,402,4.080218538516685
Meta-Llama-3-8B,self_conditioned_baseline,403,4.07439496353525
Meta-Llama-3-8B,self_conditioned_baseline,404,4.068692892319767
Meta-Llama-3-8B,self_conditioned_baseline,405,4.062833107130859
Meta-Llama-3-8B,self_conditioned_baseline,406,4.0569144614866355
Meta-Llama-3-8B,self_conditioned_baseline,407,4.050933916355957
Meta-Llama-3-8B,self_conditioned_baseline,408,4.044946167282293
Meta-Llama-3-8B,self_conditioned_baseline,409,4.039130934766427
Meta-Llama-3-8B,self_conditioned_baseline,410,4.033276870172941
Meta-Llama-3-8B,self_conditioned_baseline,411,4.027624066874116
Meta-Llama-3-8B,self_conditioned_baseline,412,4.02204137295554
Meta-Llama-3-8B,self_conditioned_baseline,413,4.0162364162742685
Meta-Llama-3-8B,self_conditioned_baseline,414,4.010385210668794
Meta-Llama-3-8B,self_conditioned_baseline,415,4.005043089080508
Meta-Llama-3-8B,self_conditioned_baseline,416,3.9992743727619855
Meta-Llama-3-8B,self_conditioned_baseline,417,3.9936603744835177
Meta-Llama-3-8B,self_conditioned_baseline,418,3.988110495053655
Meta-Llama-3-8B,self_conditioned_baseline,419,3.9823774660967306
Meta-Llama-3-8B,self_conditioned_baseline,420,3.9766827635337547
Meta-Llama-3-8B,self_conditioned_baseline,421,3.9710794688439917
Meta-Llama-3-8B,self_conditioned_baseline,422,3.9653882091607726
Meta-Llama-3-8B,self_conditioned_baseline,423,3.959915169119869
Meta-Llama-3-8B,self_conditioned_baseline,424,3.9546686098646613
Meta-Llama-3-8B,self_conditioned_baseline,425,3.949283112793927
Meta-Llama-3-8B,self_conditioned_baseline,426,3.944228242980257
Meta-Llama-3-8B,self_conditioned_baseline,427,3.93882820342186
Meta-Llama-3-8B,self_conditioned_baseline,428,3.933591952120815
Meta-Llama-3-8B,self_conditioned_baseline,429,3.928349111489999
Meta-Llama-3-8B,self_conditioned_baseline,430,3.9231024245257773
Meta-Llama-3-8B,self_conditioned_baseline,431,3.9180432924471735
Meta-Llama-3-8B,self_conditioned_baseline,432,3.913091851224342
Meta-Llama-3-8B,self_conditioned_baseline,433,3.908091052902576
Meta-Llama-3-8B,self_conditioned_baseline,434,3.903132366841402
Meta-Llama-3-8B,self_conditioned_baseline,435,3.897851657793703
Meta-Llama-3-8B,self_conditioned_baseline,436,3.8929883611667786
Meta-Llama-3-8B,self_conditioned_baseline,437,3.887940776568052
Meta-Llama-3-8B,self_conditioned_baseline,438,3.882955842304648
Meta-Llama-3-8B,self_conditioned_baseline,439,3.877894169450802
Meta-Llama-3-8B,self_conditioned_baseline,440,3.872750603870342
Meta-Llama-3-8B,self_conditioned_baseline,441,3.867744968351533
Meta-Llama-3-8B,self_conditioned_baseline,442,3.8627817754200175
Meta-Llama-3-8B,self_conditioned_baseline,443,3.8578520597794683
Meta-Llama-3-8B,self_conditioned_baseline,444,3.852928610097964
Meta-Llama-3-8B,self_conditioned_baseline,445,3.8481420365980283
Meta-Llama-3-8B,self_conditioned_baseline,446,3.8430521295912983
Meta-Llama-3-8B,self_conditioned_baseline,447,3.8381351985117975
Meta-Llama-3-8B,self_conditioned_baseline,448,3.8330978885891436
Meta-Llama-3-8B,self_conditioned_baseline,449,3.828146412768545
Meta-Llama-3-8B,self_conditioned_baseline,450,3.823081433717448
Meta-Llama-3-8B,self_conditioned_baseline,451,3.818626333915398
Meta-Llama-3-8B,self_conditioned_baseline,452,3.813619738576665
Meta-Llama-3-8B,self_conditioned_baseline,453,3.808613088402724
Meta-Llama-3-8B,self_conditioned_baseline,454,3.8041401375166197
Meta-Llama-3-8B,self_conditioned_baseline,455,3.799436981639299
Meta-Llama-3-8B,self_conditioned_baseline,456,3.79464094695373
Meta-Llama-3-8B,self_conditioned_baseline,457,3.7900241114789863
Meta-Llama-3-8B,self_conditioned_baseline,458,3.7853658415877023
Meta-Llama-3-8B,self_conditioned_baseline,459,3.7804862660163376
Meta-Llama-3-8B,self_conditioned_baseline,460,3.7756464433458605
Meta-Llama-3-8B,self_conditioned_baseline,461,3.7709333376086023
Meta-Llama-3-8B,self_conditioned_baseline,462,3.766315415499169
Meta-Llama-3-8B,self_conditioned_baseline,463,3.761823489662544
Meta-Llama-3-8B,self_conditioned_baseline,464,3.756894568770069
Meta-Llama-3-8B,self_conditioned_baseline,465,3.752205682833391
Meta-Llama-3-8B,self_conditioned_baseline,466,3.747551985327621
Meta-Llama-3-8B,self_conditioned_baseline,467,3.7427126751296993
Meta-Llama-3-8B,self_conditioned_baseline,468,3.738203554391323
Meta-Llama-3-8B,self_conditioned_baseline,469,3.733628871849944
Meta-Llama-3-8B,self_conditioned_baseline,470,3.7290315330293087
Meta-Llama-3-8B,self_conditioned_baseline,471,3.724447828989861
Meta-Llama-3-8B,self_conditioned_baseline,472,3.7198212245839266
Meta-Llama-3-8B,self_conditioned_baseline,473,3.7153156618018492
Meta-Llama-3-8B,self_conditioned_baseline,474,3.7108029665526074
Meta-Llama-3-8B,self_conditioned_baseline,475,3.7062713048874385
Meta-Llama-3-8B,self_conditioned_baseline,476,3.7018829597448724
Meta-Llama-3-8B,self_conditioned_baseline,477,3.6973168471314732
Meta-Llama-3-8B,self_conditioned_baseline,478,3.6928536465512583
Meta-Llama-3-8B,self_conditioned_baseline,479,3.688332711522369
Meta-Llama-3-8B,self_conditioned_baseline,480,3.6839203358193977
Meta-Llama-3-8B,self_conditioned_baseline,481,3.679611944328441
Meta-Llama-3-8B,self_conditioned_baseline,482,3.675380798428941
Meta-Llama-3-8B,self_conditioned_baseline,483,3.6708205335636346
Meta-Llama-3-8B,self_conditioned_baseline,484,3.666677973106922
Meta-Llama-3-8B,self_conditioned_baseline,485,3.662454217134136
Meta-Llama-3-8B,self_conditioned_baseline,486,3.6581611315180464
Meta-Llama-3-8B,self_conditioned_baseline,487,3.6537209395414836
Meta-Llama-3-8B,self_conditioned_baseline,488,3.649480689647114
Meta-Llama-3-8B,self_conditioned_baseline,489,3.6450832009569343
Meta-Llama-3-8B,self_conditioned_baseline,490,3.640647532389055
Meta-Llama-3-8B,self_conditioned_baseline,491,3.636272792293864
Meta-Llama-3-8B,self_conditioned_baseline,492,3.63172781933096
Meta-Llama-3-8B,self_conditioned_baseline,493,3.627312910301687
Meta-Llama-3-8B,self_conditioned_baseline,494,3.622787799087868
Meta-Llama-3-8B,self_conditioned_baseline,495,3.6184555302318113
Meta-Llama-3-8B,self_conditioned_baseline,496,3.6141509563085266
Meta-Llama-3-8B,self_conditioned_baseline,497,3.609879085248864
Meta-Llama-3-8B,self_conditioned_baseline,498,3.605642860121195
Meta-Llama-3-8B,self_conditioned_baseline,499,3.601485298866691
Meta-Llama-3-8B,self_conditioned_baseline,500,3.597286939031269
Meta-Llama-3-8B,self_conditioned_baseline,501,3.593120747240342
Meta-Llama-3-8B,self_conditioned_baseline,502,3.5892181705880044
Meta-Llama-3-8B,self_conditioned_baseline,503,3.5850907544678132
Meta-Llama-3-8B,self_conditioned_baseline,504,3.580754765732986
Meta-Llama-3-8B,self_conditioned_baseline,505,3.576681054318023
Meta-Llama-3-8B,self_conditioned_baseline,506,3.572448520219683
Meta-Llama-3-8B,self_conditioned_baseline,507,3.5681465955794227
Meta-Llama-3-8B,self_conditioned_baseline,508,3.563956684690009
Meta-Llama-3-8B,self_conditioned_baseline,509,3.5600008011377806
Meta-Llama-3-8B,self_conditioned_baseline,510,3.555968107705712
Meta-Llama-3-8B,self_conditioned_baseline,511,3.551979054538071
Meta-Llama-3-8B,external_random_delta_2,30,32.60355498941323
Meta-Llama-3-8B,external_random_delta_2,31,32.95746099399579
Meta-Llama-3-8B,external_random_delta_2,32,32.89272676075436
Meta-Llama-3-8B,external_random_delta_2,33,32.80778945396659
Meta-Llama-3-8B,external_random_delta_2,34,32.65502243221364
Meta-Llama-3-8B,external_random_delta_2,35,32.18827965319316
Meta-Llama-3-8B,external_random_delta_2,36,31.728104482394308
Meta-Llama-3-8B,external_random_delta_2,37,31.511720610644318
Meta-Llama-3-8B,external_random_delta_2,38,31.152584276317594
Meta-Llama-3-8B,external_random_delta_2,39,30.82306989557359
Meta-Llama-3-8B,external_random_delta_2,40,30.4918682508759
Meta-Llama-3-8B,external_random_delta_2,41,30.091406372291846
Meta-Llama-3-8B,external_random_delta_2,42,29.782956721471844
Meta-Llama-3-8B,external_random_delta_2,43,29.349524633223677
Meta-Llama-3-8B,external_random_delta_2,44,28.994512095450773
Meta-Llama-3-8B,external_random_delta_2,45,28.625157383851523
Meta-Llama-3-8B,external_random_delta_2,46,28.21825597203424
Meta-Llama-3-8B,external_random_delta_2,47,27.855506883054566
Meta-Llama-3-8B,external_random_delta_2,48,27.483920272787266
Meta-Llama-3-8B,external_random_delta_2,49,27.10544315015868
Meta-Llama-3-8B,external_random_delta_2,50,26.84237647544698
Meta-Llama-3-8B,external_random_delta_2,51,26.481549359164728
Meta-Llama-3-8B,external_random_delta_2,52,26.175151075342676
Meta-Llama-3-8B,external_random_delta_2,53,25.835305301534703
Meta-Llama-3-8B,external_random_delta_2,54,25.544647240759723
Meta-Llama-3-8B,external_random_delta_2,55,25.25965823965317
Meta-Llama-3-8B,external_random_delta_2,56,24.98685928496452
Meta-Llama-3-8B,external_random_delta_2,57,24.752519653336194
Meta-Llama-3-8B,external_random_delta_2,58,24.464377968789744
Meta-Llama-3-8B,external_random_delta_2,59,24.22569886002995
Meta-Llama-3-8B,external_random_delta_2,60,23.980031246279413
Meta-Llama-3-8B,external_random_delta_2,61,23.73210334388972
Meta-Llama-3-8B,external_random_delta_2,62,23.486662044411457
Meta-Llama-3-8B,external_random_delta_2,63,23.25519163003081
Meta-Llama-3-8B,external_random_delta_2,64,23.042742824547155
Meta-Llama-3-8B,external_random_delta_2,65,22.815240279689903
Meta-Llama-3-8B,external_random_delta_2,66,22.55861621240875
Meta-Llama-3-8B,external_random_delta_2,67,22.34479099588686
Meta-Llama-3-8B,external_random_delta_2,68,22.167903792412446
Meta-Llama-3-8B,external_random_delta_2,69,21.97075176683392
Meta-Llama-3-8B,external_random_delta_2,70,21.779057700131855
Meta-Llama-3-8B,external_random_delta_2,71,21.596008106942477
Meta-Llama-3-8B,external_random_delta_2,72,21.42295520994288
Meta-Llama-3-8B,external_random_delta_2,73,21.2717897335013
Meta-Llama-3-8B,external_random_delta_2,74,21.12239019728795
Meta-Llama-3-8B,external_random_delta_2,75,20.967894768126353
Meta-Llama-3-8B,external_random_delta_2,76,20.83288619852793
Meta-Llama-3-8B,external_random_delta_2,77,20.687456612895126
Meta-Llama-3-8B,external_random_delta_2,78,20.57079691841262
Meta-Llama-3-8B,external_random_delta_2,79,20.470632411671033
Meta-Llama-3-8B,external_random_delta_2,80,20.361154201729658
Meta-Llama-3-8B,external_random_delta_2,81,20.233649668884496
Meta-Llama-3-8B,external_random_delta_2,82,20.128434048896324
Meta-Llama-3-8B,external_random_delta_2,83,20.013601399562596
Meta-Llama-3-8B,external_random_delta_2,84,19.90909580537715
Meta-Llama-3-8B,external_random_delta_2,85,19.81465892064629
Meta-Llama-3-8B,external_random_delta_2,86,19.72219049745444
Meta-Llama-3-8B,external_random_delta_2,87,19.63153884962953
Meta-Llama-3-8B,external_random_delta_2,88,19.51521080578248
Meta-Llama-3-8B,external_random_delta_2,89,19.396975542308496
Meta-Llama-3-8B,external_random_delta_2,90,19.307226678701294
Meta-Llama-3-8B,external_random_delta_2,91,19.204177415656297
Meta-Llama-3-8B,external_random_delta_2,92,19.119200564280277
Meta-Llama-3-8B,external_random_delta_2,93,19.02882660819882
Meta-Llama-3-8B,external_random_delta_2,94,18.936321521679183
Meta-Llama-3-8B,external_random_delta_2,95,18.835587166589452
Meta-Llama-3-8B,external_random_delta_2,96,18.722564997599314
Meta-Llama-3-8B,external_random_delta_2,97,18.604353270110884
Meta-Llama-3-8B,external_random_delta_2,98,18.532106598606266
Meta-Llama-3-8B,external_random_delta_2,99,18.44441085021658
Meta-Llama-3-8B,external_random_delta_2,100,18.335043228482576
Meta-Llama-3-8B,external_random_delta_2,101,18.256036346386946
Meta-Llama-3-8B,external_random_delta_2,102,18.163016361400878
Meta-Llama-3-8B,external_random_delta_2,103,18.085807430075
Meta-Llama-3-8B,external_random_delta_2,104,18.00947544289699
Meta-Llama-3-8B,external_random_delta_2,105,17.92115113581115
Meta-Llama-3-8B,external_random_delta_2,106,17.8435670999169
Meta-Llama-3-8B,external_random_delta_2,107,17.756090363509934
Meta-Llama-3-8B,external_random_delta_2,108,17.67496187985359
Meta-Llama-3-8B,external_random_delta_2,109,17.59203626268107
Meta-Llama-3-8B,external_random_delta_2,110,17.496517993928148
Meta-Llama-3-8B,external_random_delta_2,111,17.416469298932462
Meta-Llama-3-8B,external_random_delta_2,112,17.348998453435236
Meta-Llama-3-8B,external_random_delta_2,113,17.27380116509017
Meta-Llama-3-8B,external_random_delta_2,114,17.202051458325048
Meta-Llama-3-8B,external_random_delta_2,115,17.13451633525262
Meta-Llama-3-8B,external_random_delta_2,116,17.059955531279353
Meta-Llama-3-8B,external_random_delta_2,117,16.9956624432912
Meta-Llama-3-8B,external_random_delta_2,118,16.917255297105665
Meta-Llama-3-8B,external_random_delta_2,119,16.842601191370225
Meta-Llama-3-8B,external_random_delta_2,120,16.770964772152603
Meta-Llama-3-8B,external_random_delta_2,121,16.68466675119754
Meta-Llama-3-8B,external_random_delta_2,122,16.6053270343195
Meta-Llama-3-8B,external_random_delta_2,123,16.530951015096505
Meta-Llama-3-8B,external_random_delta_2,124,16.455557736148485
Meta-Llama-3-8B,external_random_delta_2,125,16.382627349589292
Meta-Llama-3-8B,external_random_delta_2,126,16.316711289887156
Meta-Llama-3-8B,external_random_delta_2,127,16.242291370899114
Meta-Llama-3-8B,external_random_delta_2,128,16.181917178874286
Meta-Llama-3-8B,external_random_delta_2,129,16.10164758837223
Meta-Llama-3-8B,external_random_delta_2,130,16.024487636202217
Meta-Llama-3-8B,external_random_delta_2,131,15.954811202629415
Meta-Llama-3-8B,external_random_delta_2,132,15.883521909147053
Meta-Llama-3-8B,external_random_delta_2,133,15.817872647491384
Meta-Llama-3-8B,external_random_delta_2,134,15.760079661182335
Meta-Llama-3-8B,external_random_delta_2,135,15.716351070644555
Meta-Llama-3-8B,external_random_delta_2,136,15.678377332678362
Meta-Llama-3-8B,external_random_delta_2,137,15.630734679084792
Meta-Llama-3-8B,external_random_delta_2,138,15.576254475725587
Meta-Llama-3-8B,external_random_delta_2,139,15.516940415100512
Meta-Llama-3-8B,external_random_delta_2,140,15.473538323298266
Meta-Llama-3-8B,external_random_delta_2,141,15.429352976110266
Meta-Llama-3-8B,external_random_delta_2,142,15.376392749165088
Meta-Llama-3-8B,external_random_delta_2,143,15.32788788061086
Meta-Llama-3-8B,external_random_delta_2,144,15.283130787043328
Meta-Llama-3-8B,external_random_delta_2,145,15.227154658493413
Meta-Llama-3-8B,external_random_delta_2,146,15.18368842866444
Meta-Llama-3-8B,external_random_delta_2,147,15.137900055066357
Meta-Llama-3-8B,external_random_delta_2,148,15.090662886128417
Meta-Llama-3-8B,external_random_delta_2,149,15.046285292398178
Meta-Llama-3-8B,external_random_delta_2,150,14.999305451856177
Meta-Llama-3-8B,external_random_delta_2,151,14.948551732863933
Meta-Llama-3-8B,external_random_delta_2,152,14.909003650349018
Meta-Llama-3-8B,external_random_delta_2,153,14.869681480750646
Meta-Llama-3-8B,external_random_delta_2,154,14.821389996543402
Meta-Llama-3-8B,external_random_delta_2,155,14.778169493946853
Meta-Llama-3-8B,external_random_delta_2,156,14.74072559103241
Meta-Llama-3-8B,external_random_delta_2,157,14.707776292407928
Meta-Llama-3-8B,external_random_delta_2,158,14.683650729755716
Meta-Llama-3-8B,external_random_delta_2,159,14.647663591068891
Meta-Llama-3-8B,external_random_delta_2,160,14.614644458690018
Meta-Llama-3-8B,external_random_delta_2,161,14.57752553321573
Meta-Llama-3-8B,external_random_delta_2,162,14.537193569894956
Meta-Llama-3-8B,external_random_delta_2,163,14.503459988628574
Meta-Llama-3-8B,external_random_delta_2,164,14.465966532934322
Meta-Llama-3-8B,external_random_delta_2,165,14.419816157488578
Meta-Llama-3-8B,external_random_delta_2,166,14.373157104349417
Meta-Llama-3-8B,external_random_delta_2,167,14.343489868237507
Meta-Llama-3-8B,external_random_delta_2,168,14.306989587311017
Meta-Llama-3-8B,external_random_delta_2,169,14.267045150899865
Meta-Llama-3-8B,external_random_delta_2,170,14.23214077414568
Meta-Llama-3-8B,external_random_delta_2,171,14.20002203749684
Meta-Llama-3-8B,external_random_delta_2,172,14.165240493458393
Meta-Llama-3-8B,external_random_delta_2,173,14.129020519567302
Meta-Llama-3-8B,external_random_delta_2,174,14.09747861927498
Meta-Llama-3-8B,external_random_delta_2,175,14.058020396547892
Meta-Llama-3-8B,external_random_delta_2,176,14.021734702508889
Meta-Llama-3-8B,external_random_delta_2,177,13.98835815150689
Meta-Llama-3-8B,external_random_delta_2,178,13.941179776181562
Meta-Llama-3-8B,external_random_delta_2,179,13.895525316128484
Meta-Llama-3-8B,external_random_delta_2,180,13.853910253466656
Meta-Llama-3-8B,external_random_delta_2,181,13.815836777004026
Meta-Llama-3-8B,external_random_delta_2,182,13.781234919796649
Meta-Llama-3-8B,external_random_delta_2,183,13.744325209711542
Meta-Llama-3-8B,external_random_delta_2,184,13.712304067106455
Meta-Llama-3-8B,external_random_delta_2,185,13.682203526901997
Meta-Llama-3-8B,external_random_delta_2,186,13.649253021328509
Meta-Llama-3-8B,external_random_delta_2,187,13.621831859427834
Meta-Llama-3-8B,external_random_delta_2,188,13.587509559031545
Meta-Llama-3-8B,external_random_delta_2,189,13.553018845386493
Meta-Llama-3-8B,external_random_delta_2,190,13.512942868044657
Meta-Llama-3-8B,external_random_delta_2,191,13.483432349516509
Meta-Llama-3-8B,external_random_delta_2,192,13.45865704744898
Meta-Llama-3-8B,external_random_delta_2,193,13.426040453407333
Meta-Llama-3-8B,external_random_delta_2,194,13.39475842867662
Meta-Llama-3-8B,external_random_delta_2,195,13.357048249801442
Meta-Llama-3-8B,external_random_delta_2,196,13.319793678592536
Meta-Llama-3-8B,external_random_delta_2,197,13.291067685710354
Meta-Llama-3-8B,external_random_delta_2,198,13.259792678146487
Meta-Llama-3-8B,external_random_delta_2,199,13.219240446694958
Meta-Llama-3-8B,external_random_delta_2,200,13.187917647249666
Meta-Llama-3-8B,external_random_delta_2,201,13.158642030659943
Meta-Llama-3-8B,external_random_delta_2,202,13.124047986352348
Meta-Llama-3-8B,external_random_delta_2,203,13.101158881621325
Meta-Llama-3-8B,external_random_delta_2,204,13.081304994925478
Meta-Llama-3-8B,external_random_delta_2,205,13.056400280610617
Meta-Llama-3-8B,external_random_delta_2,206,13.03715457537059
Meta-Llama-3-8B,external_random_delta_2,207,13.011197577748188
Meta-Llama-3-8B,external_random_delta_2,208,12.981371656984981
Meta-Llama-3-8B,external_random_delta_2,209,12.95509124329715
Meta-Llama-3-8B,external_random_delta_2,210,12.928682089923797
Meta-Llama-3-8B,external_random_delta_2,211,12.900945058929423
Meta-Llama-3-8B,external_random_delta_2,212,12.873957200369532
Meta-Llama-3-8B,external_random_delta_2,213,12.844495231601675
Meta-Llama-3-8B,external_random_delta_2,214,12.820304003054279
Meta-Llama-3-8B,external_random_delta_2,215,12.792001695983547
Meta-Llama-3-8B,external_random_delta_2,216,12.762740467658933
Meta-Llama-3-8B,external_random_delta_2,217,12.729267789296253
Meta-Llama-3-8B,external_random_delta_2,218,12.698393007653026
Meta-Llama-3-8B,external_random_delta_2,219,12.669743908235708
Meta-Llama-3-8B,external_random_delta_2,220,12.640743190951405
Meta-Llama-3-8B,external_random_delta_2,221,12.615636432583512
Meta-Llama-3-8B,external_random_delta_2,222,12.594173822645713
Meta-Llama-3-8B,external_random_delta_2,223,12.56570634567892
Meta-Llama-3-8B,external_random_delta_2,224,12.53772662986817
Meta-Llama-3-8B,external_random_delta_2,225,12.508428474950529
Meta-Llama-3-8B,external_random_delta_2,226,12.479140920329682
Meta-Llama-3-8B,external_random_delta_2,227,12.45514133907397
Meta-Llama-3-8B,external_random_delta_2,228,12.428847037285008
Meta-Llama-3-8B,external_random_delta_2,229,12.402898823489585
Meta-Llama-3-8B,external_random_delta_2,230,12.384035917269332
Meta-Llama-3-8B,external_random_delta_2,231,12.364026432644193
Meta-Llama-3-8B,external_random_delta_2,232,12.338282383616605
Meta-Llama-3-8B,external_random_delta_2,233,12.31566405406669
Meta-Llama-3-8B,external_random_delta_2,234,12.296592092136814
Meta-Llama-3-8B,external_random_delta_2,235,12.273507461283296
Meta-Llama-3-8B,external_random_delta_2,236,12.252432020204989
Meta-Llama-3-8B,external_random_delta_2,237,12.229693047983895
Meta-Llama-3-8B,external_random_delta_2,238,12.206641379216858
Meta-Llama-3-8B,external_random_delta_2,239,12.187907088716711
Meta-Llama-3-8B,external_random_delta_2,240,12.165635987606112
Meta-Llama-3-8B,external_random_delta_2,241,12.144814603978228
Meta-Llama-3-8B,external_random_delta_2,242,12.121666512518788
Meta-Llama-3-8B,external_random_delta_2,243,12.103597947606579
Meta-Llama-3-8B,external_random_delta_2,244,12.082098304817784
Meta-Llama-3-8B,external_random_delta_2,245,12.063320304927222
Meta-Llama-3-8B,external_random_delta_2,246,12.044196469871206
Meta-Llama-3-8B,external_random_delta_2,247,12.021961073806988
Meta-Llama-3-8B,external_random_delta_2,248,12.001675045284596
Meta-Llama-3-8B,external_random_delta_2,249,11.97750976016341
Meta-Llama-3-8B,external_random_delta_2,250,11.954185848863618
Meta-Llama-3-8B,external_random_delta_2,251,11.931330973059257
Meta-Llama-3-8B,external_random_delta_2,252,11.909727748495976
Meta-Llama-3-8B,external_random_delta_2,253,11.886490250076067
Meta-Llama-3-8B,external_random_delta_2,254,11.86692180588357
Meta-Llama-3-8B,external_random_delta_2,255,11.844956975570959
Meta-Llama-3-8B,external_random_delta_2,256,11.820819528360813
Meta-Llama-3-8B,external_random_delta_2,257,11.798056512243793
Meta-Llama-3-8B,external_random_delta_2,258,11.774948101811892
Meta-Llama-3-8B,external_random_delta_2,259,11.75084600553563
Meta-Llama-3-8B,external_random_delta_2,260,11.725846057008262
Meta-Llama-3-8B,external_random_delta_2,261,11.705509147366616
Meta-Llama-3-8B,external_random_delta_2,262,11.686964902111301
Meta-Llama-3-8B,external_random_delta_2,263,11.667204597633537
Meta-Llama-3-8B,external_random_delta_2,264,11.651048110749922
Meta-Llama-3-8B,external_random_delta_2,265,11.627287912743334
Meta-Llama-3-8B,external_random_delta_2,266,11.607788973723911
Meta-Llama-3-8B,external_random_delta_2,267,11.581634650680844
Meta-Llama-3-8B,external_random_delta_2,268,11.558821260143734
Meta-Llama-3-8B,external_random_delta_2,269,11.53881776208566
Meta-Llama-3-8B,external_random_delta_2,270,11.51616148307548
Meta-Llama-3-8B,external_random_delta_2,271,11.496045091529506
Meta-Llama-3-8B,external_random_delta_2,272,11.471375545429323
Meta-Llama-3-8B,external_random_delta_2,273,11.449046737168525
Meta-Llama-3-8B,external_random_delta_2,274,11.425229237858527
Meta-Llama-3-8B,external_random_delta_2,275,11.406840239780774
Meta-Llama-3-8B,external_random_delta_2,276,11.388885706409983
Meta-Llama-3-8B,external_random_delta_2,277,11.366473055534737
Meta-Llama-3-8B,external_random_delta_2,278,11.343262792349114
Meta-Llama-3-8B,external_random_delta_2,279,11.321841089610077
Meta-Llama-3-8B,external_random_delta_2,280,11.297876624706571
Meta-Llama-3-8B,external_random_delta_2,281,11.27997652915884
Meta-Llama-3-8B,external_random_delta_2,282,11.262190718950691
Meta-Llama-3-8B,external_random_delta_2,283,11.243392049953865
Meta-Llama-3-8B,external_random_delta_2,284,11.222866310174435
Meta-Llama-3-8B,external_random_delta_2,285,11.202259363563194
Meta-Llama-3-8B,external_random_delta_4,60,37.82317520638269
Meta-Llama-3-8B,external_random_delta_4,61,36.23868721302145
Meta-Llama-3-8B,external_random_delta_4,62,35.813328894018625
Meta-Llama-3-8B,external_random_delta_4,63,35.07979487348281
Meta-Llama-3-8B,external_random_delta_4,64,34.61152550328335
Meta-Llama-3-8B,external_random_delta_4,65,34.1740309653494
Meta-Llama-3-8B,external_random_delta_4,66,33.87643625167608
Meta-Llama-3-8B,external_random_delta_4,67,33.57117593668362
Meta-Llama-3-8B,external_random_delta_4,68,33.25115674116719
Meta-Llama-3-8B,external_random_delta_4,69,32.92172778438653
Meta-Llama-3-8B,external_random_delta_4,70,32.66625941139414
Meta-Llama-3-8B,external_random_delta_4,71,32.349733313691175
Meta-Llama-3-8B,external_random_delta_4,72,31.96286816107955
Meta-Llama-3-8B,external_random_delta_4,73,31.697065024757997
Meta-Llama-3-8B,external_random_delta_4,74,31.351346921723803
Meta-Llama-3-8B,external_random_delta_4,75,31.05051137198986
Meta-Llama-3-8B,external_random_delta_4,76,30.720854391736275
Meta-Llama-3-8B,external_random_delta_4,77,30.42641068314681
Meta-Llama-3-8B,external_random_delta_4,78,30.190857813916416
Meta-Llama-3-8B,external_random_delta_4,79,29.98770225229676
Meta-Llama-3-8B,external_random_delta_4,80,29.71382149089691
Meta-Llama-3-8B,external_random_delta_4,81,29.418226592078604
Meta-Llama-3-8B,external_random_delta_4,82,29.192340480956915
Meta-Llama-3-8B,external_random_delta_4,83,28.905680813658932
Meta-Llama-3-8B,external_random_delta_4,84,28.71613384050807
Meta-Llama-3-8B,external_random_delta_4,85,28.473234064281986
Meta-Llama-3-8B,external_random_delta_4,86,28.210035754189118
Meta-Llama-3-8B,external_random_delta_4,87,27.93945706280096
Meta-Llama-3-8B,external_random_delta_4,88,27.73431396650369
Meta-Llama-3-8B,external_random_delta_4,89,27.54338489054353
Meta-Llama-3-8B,external_random_delta_4,90,27.301905264837256
Meta-Llama-3-8B,external_random_delta_4,91,27.08857994064666
Meta-Llama-3-8B,external_random_delta_4,92,26.885781884733824
Meta-Llama-3-8B,external_random_delta_4,93,26.71109522180949
Meta-Llama-3-8B,external_random_delta_4,94,26.499166452044438
Meta-Llama-3-8B,external_random_delta_4,95,26.317041726645755
Meta-Llama-3-8B,external_random_delta_4,96,26.132885988947713
Meta-Llama-3-8B,external_random_delta_4,97,25.964701979704763
Meta-Llama-3-8B,external_random_delta_4,98,25.80046067801765
Meta-Llama-3-8B,external_random_delta_4,99,25.621222395006633
Meta-Llama-3-8B,external_random_delta_4,100,25.43770312034785
Meta-Llama-3-8B,external_random_delta_4,101,25.316516118227575
Meta-Llama-3-8B,external_random_delta_4,102,25.19934757588349
Meta-Llama-3-8B,external_random_delta_4,103,25.04524503267812
Meta-Llama-3-8B,external_random_delta_4,104,24.918297896842766
Meta-Llama-3-8B,external_random_delta_4,105,24.785989636237556
Meta-Llama-3-8B,external_random_delta_4,106,24.639999097733142
Meta-Llama-3-8B,external_random_delta_4,107,24.50049057389871
Meta-Llama-3-8B,external_random_delta_4,108,24.393181547482968
Meta-Llama-3-8B,external_random_delta_4,109,24.252559747464154
Meta-Llama-3-8B,external_random_delta_4,110,24.13319374023205
Meta-Llama-3-8B,external_random_delta_4,111,23.999329075475412
Meta-Llama-3-8B,external_random_delta_4,112,23.90015830935578
Meta-Llama-3-8B,external_random_delta_4,113,23.78530037528511
Meta-Llama-3-8B,external_random_delta_4,114,23.666670147780145
Meta-Llama-3-8B,external_random_delta_4,115,23.5300622060609
Meta-Llama-3-8B,external_random_delta_4,116,23.40324985172777
Meta-Llama-3-8B,external_random_delta_4,117,23.3160887064384
Meta-Llama-3-8B,external_random_delta_4,118,23.227729586157842
Meta-Llama-3-8B,external_random_delta_4,119,23.119259078521253
Meta-Llama-3-8B,external_random_delta_4,120,23.00517827434586
Meta-Llama-3-8B,external_random_delta_4,121,22.89284095452886
Meta-Llama-3-8B,external_random_delta_4,122,22.805841103924372
Meta-Llama-3-8B,external_random_delta_4,123,22.712012492385462
Meta-Llama-3-8B,external_random_delta_4,124,22.61718902819293
Meta-Llama-3-8B,external_random_delta_4,125,22.52060682304684
Meta-Llama-3-8B,external_random_delta_4,126,22.426983853753747
Meta-Llama-3-8B,external_random_delta_4,127,22.331954228661488
Meta-Llama-3-8B,external_random_delta_4,128,22.233792839708293
Meta-Llama-3-8B,external_random_delta_4,129,22.131717937562247
Meta-Llama-3-8B,external_random_delta_4,130,22.05976361917257
Meta-Llama-3-8B,external_random_delta_4,131,21.957311450121956
Meta-Llama-3-8B,external_random_delta_4,132,21.883531885111402
Meta-Llama-3-8B,external_random_delta_4,133,21.791142606912466
Meta-Llama-3-8B,external_random_delta_4,134,21.699586661790896
Meta-Llama-3-8B,external_random_delta_4,135,21.607237417082146
Meta-Llama-3-8B,external_random_delta_4,136,21.519909136601214
Meta-Llama-3-8B,external_random_delta_4,137,21.42480479501786
Meta-Llama-3-8B,external_random_delta_4,138,21.34681144367496
Meta-Llama-3-8B,external_random_delta_4,139,21.26855780202608
Meta-Llama-3-8B,external_random_delta_4,140,21.177409923022175
Meta-Llama-3-8B,external_random_delta_4,141,21.1133518771384
Meta-Llama-3-8B,external_random_delta_4,142,21.036083540248303
Meta-Llama-3-8B,external_random_delta_4,143,20.954205854673937
Meta-Llama-3-8B,external_random_delta_4,144,20.864059347664078
Meta-Llama-3-8B,external_random_delta_4,145,20.77598254261614
Meta-Llama-3-8B,external_random_delta_4,146,20.696616514548474
Meta-Llama-3-8B,external_random_delta_4,147,20.612652523841867
Meta-Llama-3-8B,external_random_delta_4,148,20.528668026468768
Meta-Llama-3-8B,external_random_delta_4,149,20.450632492361173
Meta-Llama-3-8B,external_random_delta_4,150,20.373959971893488
Meta-Llama-3-8B,external_random_delta_4,151,20.278606302484423
Meta-Llama-3-8B,external_random_delta_4,152,20.193227210114735
Meta-Llama-3-8B,external_random_delta_4,153,20.112085975595235
Meta-Llama-3-8B,external_random_delta_4,154,20.028512353632177
Meta-Llama-3-8B,external_random_delta_4,155,19.95649187918159
Meta-Llama-3-8B,external_random_delta_4,156,19.88368477102944
Meta-Llama-3-8B,external_random_delta_4,157,19.803384782343606
Meta-Llama-3-8B,external_random_delta_4,158,19.734741455788672
Meta-Llama-3-8B,external_random_delta_4,159,19.644178519233552
Meta-Llama-3-8B,external_random_delta_4,160,19.5749585082796
Meta-Llama-3-8B,external_random_delta_4,161,19.49647084389478
Meta-Llama-3-8B,external_random_delta_4,162,19.423292000107985
Meta-Llama-3-8B,external_random_delta_4,163,19.345867205795496
Meta-Llama-3-8B,external_random_delta_4,164,19.272799411188508
Meta-Llama-3-8B,external_random_delta_4,165,19.20242364090314
Meta-Llama-3-8B,external_random_delta_4,166,19.13432967745751
Meta-Llama-3-8B,external_random_delta_4,167,19.07230975072985
Meta-Llama-3-8B,external_random_delta_4,168,19.002034931714164
Meta-Llama-3-8B,external_random_delta_4,169,18.932021850671706
Meta-Llama-3-8B,external_random_delta_4,170,18.87133064116638
Meta-Llama-3-8B,external_random_delta_4,171,18.8104309246654
Meta-Llama-3-8B,external_random_delta_4,172,18.73913192686258
Meta-Llama-3-8B,external_random_delta_4,173,18.692936065458742
Meta-Llama-3-8B,external_random_delta_4,174,18.6231785243805
Meta-Llama-3-8B,external_random_delta_4,175,18.57064081649448
Meta-Llama-3-8B,external_random_delta_4,176,18.51913973619734
Meta-Llama-3-8B,external_random_delta_4,177,18.465852957640116
Meta-Llama-3-8B,external_random_delta_4,178,18.40339148323776
Meta-Llama-3-8B,external_random_delta_4,179,18.34314493684175
Meta-Llama-3-8B,external_random_delta_4,180,18.280610322780586
Meta-Llama-3-8B,external_random_delta_4,181,18.222600743752484
Meta-Llama-3-8B,external_random_delta_4,182,18.173020276690167
Meta-Llama-3-8B,external_random_delta_4,183,18.111046254012006
Meta-Llama-3-8B,external_random_delta_4,184,18.043556778446604
Meta-Llama-3-8B,external_random_delta_4,185,17.976660266349867
Meta-Llama-3-8B,external_random_delta_4,186,17.91202868286993
Meta-Llama-3-8B,external_random_delta_4,187,17.851352806253335
Meta-Llama-3-8B,external_random_delta_4,188,17.79562565743848
Meta-Llama-3-8B,external_random_delta_4,189,17.73731023456311
Meta-Llama-3-8B,external_random_delta_4,190,17.684716961035882
Meta-Llama-3-8B,external_random_delta_4,191,17.632484999355448
Meta-Llama-3-8B,external_random_delta_4,192,17.580827050126874
Meta-Llama-3-8B,external_random_delta_4,193,17.5248235307013
Meta-Llama-3-8B,external_random_delta_4,194,17.475672816949533
Meta-Llama-3-8B,external_random_delta_4,195,17.424323441593653
Meta-Llama-3-8B,external_random_delta_4,196,17.370662496016386
Meta-Llama-3-8B,external_random_delta_4,197,17.322981494885944
Meta-Llama-3-8B,external_random_delta_4,198,17.27610717680927
Meta-Llama-3-8B,external_random_delta_4,199,17.234527228579296
Meta-Llama-3-8B,external_random_delta_4,200,17.180143713515072
Meta-Llama-3-8B,external_random_delta_4,201,17.132485676376753
Meta-Llama-3-8B,external_random_delta_4,202,17.085980925937275
Meta-Llama-3-8B,external_random_delta_4,203,17.037084558621398
Meta-Llama-3-8B,external_random_delta_4,204,16.98686047087153
Meta-Llama-3-8B,external_random_delta_4,205,16.93238150694689
Meta-Llama-3-8B,external_random_delta_4,206,16.877471626513845
Meta-Llama-3-8B,external_random_delta_4,207,16.835868767439006
Meta-Llama-3-8B,external_random_delta_4,208,16.79216244003108
Meta-Llama-3-8B,external_random_delta_4,209,16.752931552312905
Meta-Llama-3-8B,external_random_delta_4,210,16.709549889638645
Meta-Llama-3-8B,external_random_delta_4,211,16.664322720265567
Meta-Llama-3-8B,external_random_delta_4,212,16.623873059950586
Meta-Llama-3-8B,external_random_delta_4,213,16.584859171828967
Meta-Llama-3-8B,external_random_delta_4,214,16.541881504086028
Meta-Llama-3-8B,external_random_delta_4,215,16.4923130354402
Meta-Llama-3-8B,external_random_delta_4,216,16.43915528032011
Meta-Llama-3-8B,external_random_delta_4,217,16.399669897751743
Meta-Llama-3-8B,external_random_delta_4,218,16.349096767165534
Meta-Llama-3-8B,external_random_delta_4,219,16.299023780501095
Meta-Llama-3-8B,external_random_delta_4,220,16.25246268722889
Meta-Llama-3-8B,external_random_delta_4,221,16.20579957730337
Meta-Llama-3-8B,external_random_delta_4,222,16.16219854657397
Meta-Llama-3-8B,external_random_delta_4,223,16.115753941173946
Meta-Llama-3-8B,external_random_delta_4,224,16.071408056783902
Meta-Llama-3-8B,external_random_delta_4,225,16.024406254936945
Meta-Llama-3-8B,external_random_delta_4,226,15.98425418565329
Meta-Llama-3-8B,external_random_delta_4,227,15.947043027987693
Meta-Llama-3-8B,external_random_delta_4,228,15.910754245397376
Meta-Llama-3-8B,external_random_delta_4,229,15.880447746430274
Meta-Llama-3-8B,external_random_delta_4,230,15.839603476851627
Meta-Llama-3-8B,external_random_delta_4,231,15.793172827842948
Meta-Llama-3-8B,external_random_delta_4,232,15.755058524493638
Meta-Llama-3-8B,external_random_delta_4,233,15.714367619238791
Meta-Llama-3-8B,external_random_delta_4,234,15.673410306817644
Meta-Llama-3-8B,external_random_delta_4,235,15.63824007604352
Meta-Llama-3-8B,external_random_delta_4,236,15.603102071769232
Meta-Llama-3-8B,external_random_delta_4,237,15.568626781286573
Meta-Llama-3-8B,external_random_delta_4,238,15.534704750284941
Meta-Llama-3-8B,external_random_delta_4,239,15.500732855421324
Meta-Llama-3-8B,external_random_delta_4,240,15.470946676117896
Meta-Llama-3-8B,external_random_delta_4,241,15.4374839357833
Meta-Llama-3-8B,external_random_delta_4,242,15.400907483606357
Meta-Llama-3-8B,external_random_delta_4,243,15.35996391454375
Meta-Llama-3-8B,external_random_delta_4,244,15.326741830502277
Meta-Llama-3-8B,external_random_delta_4,245,15.291027011933767
Meta-Llama-3-8B,external_random_delta_4,246,15.256033556814776
Meta-Llama-3-8B,external_random_delta_4,247,15.224729816166311
Meta-Llama-3-8B,external_random_delta_4,248,15.19775340903493
Meta-Llama-3-8B,external_random_delta_4,249,15.15775168648934
Meta-Llama-3-8B,external_random_delta_4,250,15.12157084233047
Meta-Llama-3-8B,external_random_delta_4,251,15.089535784368016
Meta-Llama-3-8B,external_random_delta_4,252,15.05720611365518
Meta-Llama-3-8B,external_random_delta_4,253,15.021997526097385
Meta-Llama-3-8B,external_random_delta_4,254,14.989519900596855
Meta-Llama-3-8B,external_random_delta_4,255,14.954091447392084
Meta-Llama-3-8B,external_random_delta_4,256,14.918479760692772
Meta-Llama-3-8B,external_random_delta_4,257,14.886854803950708
Meta-Llama-3-8B,external_random_delta_4,258,14.856488896012104
Meta-Llama-3-8B,external_random_delta_4,259,14.823296487427445
Meta-Llama-3-8B,external_random_delta_4,260,14.792712730132521
Meta-Llama-3-8B,external_random_delta_4,261,14.757651365451329
Meta-Llama-3-8B,external_random_delta_4,262,14.727043845408314
Meta-Llama-3-8B,external_random_delta_4,263,14.692266574868317
Meta-Llama-3-8B,external_random_delta_4,264,14.662392093779516
Meta-Llama-3-8B,external_random_delta_4,265,14.633182191134551
Meta-Llama-3-8B,external_random_delta_4,266,14.606459792818274
Meta-Llama-3-8B,external_random_delta_4,267,14.577805274261928
Meta-Llama-3-8B,external_random_delta_4,268,14.552532449731752
Meta-Llama-3-8B,external_random_delta_4,269,14.522053884834028
Meta-Llama-3-8B,external_random_delta_4,270,14.491134519695702
Meta-Llama-3-8B,external_random_delta_4,271,14.465688049614092
Meta-Llama-3-8B,external_random_delta_4,272,14.439991740570344
Meta-Llama-3-8B,external_random_delta_4,273,14.409302525533823
Meta-Llama-3-8B,external_random_delta_4,274,14.378704744762974
Meta-Llama-3-8B,external_random_delta_4,275,14.35298048525
Meta-Llama-3-8B,external_random_delta_4,276,14.32280875812026
Meta-Llama-3-8B,external_random_delta_4,277,14.294314525750263
Meta-Llama-3-8B,external_random_delta_4,278,14.266783996380363
Meta-Llama-3-8B,external_random_delta_4,279,14.236808968554623
Meta-Llama-3-8B,external_random_delta_4,280,14.209320552557136
Meta-Llama-3-8B,external_random_delta_4,281,14.183903621193513
Meta-Llama-3-8B,external_random_delta_4,282,14.156361737989656
Meta-Llama-3-8B,external_random_delta_4,283,14.126735069133497
Meta-Llama-3-8B,external_random_delta_4,284,14.095955557327963
Meta-Llama-3-8B,external_random_delta_4,285,14.064228470542664
Meta-Llama-3-8B,external_random_delta_4,286,14.032304363605098
Meta-Llama-3-8B,external_random_delta_4,287,14.001645579795015
Meta-Llama-3-8B,external_random_delta_4,288,13.971403244476914
Meta-Llama-3-8B,external_random_delta_4,289,13.94415614446452
Meta-Llama-3-8B,external_random_delta_4,290,13.917651592867799
Meta-Llama-3-8B,external_random_delta_4,291,13.891256648592767
Meta-Llama-3-8B,external_random_delta_4,292,13.862262923638937
Meta-Llama-3-8B,external_random_delta_4,293,13.83490594973866
Meta-Llama-3-8B,external_random_delta_4,294,13.810059900336418
Meta-Llama-3-8B,external_random_delta_4,295,13.786827266286522
Meta-Llama-3-8B,external_random_delta_4,296,13.760632477174383
Meta-Llama-3-8B,external_random_delta_4,297,13.735274251334406
Meta-Llama-3-8B,external_random_delta_4,298,13.71209575083535
Meta-Llama-3-8B,external_random_delta_4,299,13.687236244839761
Meta-Llama-3-8B,external_random_delta_4,300,13.664855039609884
Meta-Llama-3-8B,external_random_delta_4,301,13.640228834357051
Meta-Llama-3-8B,external_random_delta_4,302,13.615016907524355
Meta-Llama-3-8B,external_random_delta_4,303,13.592438177271081
Meta-Llama-3-8B,external_random_delta_4,304,13.5681185916529
Meta-Llama-3-8B,external_random_delta_4,305,13.546794860280693
Meta-Llama-3-8B,external_random_delta_4,306,13.521299285705643
Meta-Llama-3-8B,external_random_delta_4,307,13.494969642646035
Meta-Llama-3-8B,external_random_delta_4,308,13.470325385365566
Meta-Llama-3-8B,external_random_delta_4,309,13.446011473980317
Meta-Llama-3-8B,external_random_delta_4,310,13.420585659704148
Meta-Llama-3-8B,external_random_delta_4,311,13.397504093023759
Meta-Llama-3-8B,external_random_delta_4,312,13.374493103818072
Meta-Llama-3-8B,external_random_delta_4,313,13.353787097995536
Meta-Llama-3-8B,external_random_delta_4,314,13.333652511818006
Meta-Llama-3-8B,external_random_delta_4,315,13.313095079025771
